,time,atp
0,0,4.209246422182469
1,1,4.618514476102941
2,2,2.928913179403878
3,3,5.028026618579827
4,4,2.536553519112723
5,5,3.164843165232036
6,6,2.5894097222222223
7,7,3.44826171875
8,8,2.566259551466557
9,9,3.2478216686388004
10,10,2.6957760765438987
11,11,2.877134002908303
12,12,2.363570373182352
13,13,3.241751045093202
14,14,3.6617173531755287
15,15,3.38036973237105
16,16,3.6814791888174927
17,17,6.404460474387887
18,18,2.7162183232668067
