,time,atp
0,0,4.209246422182469
1,1,4.618514476102941
2,2,2.928913179403878
3,3,5.066532529633621
4,4,3.1527138038917824
5,5,3.1968863603007587
6,6,2.9960164037244073
7,7,4.054544929329675
8,8,3.4342031577198777
9,9,3.401223113096835
10,10,2.586392310357863
11,11,2.646717691656404
12,12,3.0382153741244613
13,13,3.8803765773773193
14,14,4.238437069163603
15,15,4.1528528284143515
16,16,4.356212158203125
17,17,4.732005129578293
18,18,3.2345632344734767
