,time,atp
0,0,4.209246422182469
1,1,4.618514476102941
2,2,2.928913179403878
3,3,5.066532529633621
4,4,3.1527138038917824
5,5,3.1968863603007587
6,6,2.9960164037244073
7,7,4.054544929329675
8,8,3.4342031577198777
9,9,3.401223113096835
10,10,2.586392310357863
11,11,2.646717691656404
12,12,3.0382153741244613
13,13,4.654739061991374
14,14,4.620950331067825
15,15,4.349672232101213
16,16,4.072323938843551
17,17,7.318367430401333
18,18,2.96103073480561
