,time,atp
0,0,4.209246422182469
1,1,4.618514476102941
2,2,3.2903328233092797
3,3,4.811648544387438
4,4,2.80221450537966
5,5,3.966754619891827
6,6,3.012871291109188
7,7,4.366411436407059
8,8,3.301375212492766
9,9,3.696898929656498
10,10,3.007688448026583
11,11,2.909446384595788
12,12,2.5789330852918386
13,13,4.2230599216683204
14,14,4.983503578353102
15,15,4.885118127506685
16,16,4.75399753736413
17,17,6.9410828621156755
18,18,3.2814291162428515
