,time,atp
0,0,4.209246422182469
1,1,5.043303807576497
2,2,4.1547330443622075
3,3,6.389405221650095
4,4,3.055672878689236
5,5,3.262453725647228
6,6,3.2591475474683542
7,7,4.629940295345569
8,8,2.9931241022631725
9,9,3.29760522240991
10,10,2.939701557159424
11,11,2.7097887870592947
12,12,2.2747382668887868
13,13,3.2415231557992787
14,14,4.3408167412940495
15,15,4.886769925631009
16,16,3.794315222537879
17,17,4.8695166276737964
18,18,2.94656025279652
