,time,atp
0,0,4.209246422182469
1,1,4.618514476102941
2,2,3.2903328233092797
3,3,4.811648544387438
4,4,2.80221450537966
5,5,3.966754619891827
6,6,2.817731631699429
7,7,3.5537653671198592
8,8,3.093858054832176
9,9,4.888909983080487
10,10,2.9778777265970686
11,11,2.7961031891578854
12,12,2.4329527509973405
13,13,4.519324944033261
14,14,5.283585528938138
15,15,4.7679149831524335
16,16,3.7254911723889803
17,17,7.49631562622838
18,18,2.8432168824977784
