,time,atp
0,0,4.209246422182469
1,1,4.618514476102941
2,2,2.928913179403878
3,3,5.066532529633621
4,4,3.1527138038917824
5,5,3.1968863603007587
6,6,2.9960164037244073
7,7,4.603410863164646
8,8,3.335312252952939
9,9,1.1832536209461302
10,10,1.1909096457741477
11,11,2.954251289367676
12,12,2.446321387039988
13,13,4.080760793098341
14,14,4.490252782428075
15,15,4.966274640418046
16,16,4.440672522560161
17,17,6.394963367444249
18,18,3.046383717021004
