,time,atp
0,0,4.209246422182469
1,1,4.618514476102941
2,2,3.2903328233092797
3,3,4.811648544387438
4,4,2.80221450537966
5,5,3.966754619891827
6,6,2.817731631699429
7,7,3.5537653671198592
8,8,2.7646096290191475
9,9,3.9294521625225363
10,10,2.180990780101103
11,11,2.420294831928454
12,12,2.4873815857537904
13,13,4.913108325941594
14,14,4.6735079581277414
15,15,4.510714826912715
16,16,3.8771251768577755
17,17,4.620962834012682
18,18,4.1653975423177085
