,time,atp
0,0,4.209246422182469
1,1,4.618514476102941
2,2,2.928913179403878
3,3,5.028026618579827
4,4,2.536553519112723
5,5,3.164843165232036
6,6,2.5894097222222223
7,7,3.44826171875
8,8,2.566259551466557
9,9,3.732116139263188
10,10,2.7308936485877404
11,11,2.6751158578055247
12,12,2.49873779296875
13,13,3.6352096778759058
14,14,3.990872242411629
15,15,4.4765158260569855
16,16,3.9686657783039454
17,17,6.079512162642046
18,18,3.018081325954861
