,time,atp
0,0,4.209246422182469
1,1,4.618514476102941
2,2,3.2903328233092797
3,3,5.312256652039367
4,4,2.4593057383661683
5,5,3.606760881949162
6,6,3.586666531032986
7,7,4.794797579447429
8,8,3.5778491901901535
9,9,3.644376008406929
10,10,2.722402681180132
11,11,2.7649437202202094
12,12,2.607322831587358
13,13,3.714840603857925
14,14,3.870494079589844
15,15,4.136144324194027
16,16,3.8008900870264104
17,17,6.945047390241564
18,18,2.929634464597239
