,time,atp
0,0,4.209246422182469
1,1,4.618514476102941
2,2,3.2903328233092797
3,3,4.811648544387438
4,4,2.80221450537966
5,5,3.966754619891827
6,6,2.817731631699429
7,7,3.5537653671198592
8,8,2.7646096290191475
9,9,3.9294521625225363
10,10,2.494494915008545
11,11,2.6142056256356323
12,12,2.7161460064827128
13,13,4.17503954016644
14,14,4.502587644845847
15,15,4.319680280226438
16,16,3.8557209215666117
17,17,5.540691203899212
18,18,3.2314923430142337
