,time,atp
0,0,4.209246422182469
1,1,4.618514476102941
2,2,2.928913179403878
3,3,5.066532529633621
4,4,3.1527138038917824
5,5,3.1968863603007587
6,6,2.9960164037244073
7,7,4.603410863164646
8,8,3.335312252952939
9,9,1.1832536209461302
10,10,1.1909096457741477
11,11,2.954251289367676
12,12,3.3399267464040596
13,13,4.756571558902138
14,14,4.835407409667969
15,15,4.955964098478619
16,16,4.3751196092174895
17,17,6.563143007314888
18,18,3.031136517548681
