,time,atp
0,0,4.209246422182469
1,1,4.618514476102941
2,2,2.928913179403878
3,3,5.066532529633621
4,4,3.1527138038917824
5,5,3.1968863603007587
6,6,2.9960164037244073
7,7,4.603410863164646
8,8,3.335312252952939
9,9,1.1832536209461302
10,10,1.1909096457741477
11,11,3.2708297066066576
12,12,3.3726263427734375
13,13,4.838086264474051
14,14,5.95295190029457
15,15,5.091895109097633
16,16,4.52549560546875
17,17,5.44950532913208
18,18,3.3052859422637195
