,time,atp
0,0,4.209246422182469
1,1,4.618514476102941
2,2,3.2903328233092797
3,3,5.312256652039367
4,4,2.4593057383661683
5,5,3.606760881949162
6,6,3.586666531032986
7,7,4.794797579447429
8,8,3.5778491901901535
9,9,3.644376008406929
10,10,2.722402681180132
11,11,2.7649437202202094
12,12,2.591054634425951
13,13,5.801580358434607
14,14,5.455223153490539
15,15,5.739363160851884
16,16,4.337928092125619
17,17,6.573996281278307
18,18,3.517608000102796
