,time,atp
0,0,4.209246422182469
1,1,4.618514476102941
2,2,3.2903328233092797
3,3,4.811648544387438
4,4,2.80221450537966
5,5,3.966754619891827
6,6,3.012871291109188
7,7,4.366411436407059
8,8,3.301375212492766
9,9,3.696898929656498
10,10,3.007688448026583
11,11,3.0121729395411037
12,12,2.5674976268848337
13,13,3.7042464469243024
14,14,4.318806533272385
15,15,4.3172607421875
16,16,3.9345484415690106
17,17,6.940952064251078
18,18,3.288974193816489
