,time,atp
0,0,4.209246422182469
1,1,4.618514476102941
2,2,2.928913179403878
3,3,5.028026618579827
4,4,2.432563228883605
5,5,3.040223887268926
6,6,2.846474880642361
7,7,4.430876741704252
8,8,3.1341944565007718
9,9,3.5190022786458335
10,10,2.7855991411812697
11,11,2.7363155757155373
12,12,3.2187254370712655
13,13,4.28575959274073
14,14,3.7797185952771346
15,15,3.508632114955357
16,16,2.9031769969118733
17,17,5.67120192722721
18,18,2.782012939453125
