,time,atp
0,0,4.209246422182469
1,1,4.618514476102941
2,2,2.928913179403878
3,3,5.066532529633621
4,4,2.94175
5,5,3.2901087143841914
6,6,2.8743070162259614
7,7,3.4158316434285285
8,8,3.0684256147044575
9,9,4.255807396673387
10,10,2.5234356942261464
11,11,2.608723630187332
12,12,2.331415631444321
13,13,4.007937908172607
14,14,5.184442987505173
15,15,4.868242640695172
16,16,3.9123604514382104
17,17,5.525872895211885
18,18,2.5416900634765627
