,time,atp
0,0,4.209246422182469
1,1,4.618514476102941
2,2,3.2903328233092797
3,3,5.312256652039367
4,4,2.4593057383661683
5,5,3.606760881949162
6,6,3.586666531032986
7,7,4.794797579447429
8,8,3.5778491901901535
9,9,3.644376008406929
10,10,2.722402681180132
11,11,2.7649437202202094
12,12,2.591054634425951
13,13,5.801580358434607
14,14,5.453025903594628
15,15,4.414364406040737
16,16,4.183222381161972
17,17,5.849636874356112
18,18,2.8657605247776003
