,time,atp
0,0,4.209246422182469
1,1,4.618514476102941
2,2,2.928913179403878
3,3,5.066532529633621
4,4,3.1527138038917824
5,5,3.1968863603007587
6,6,2.9960164037244073
7,7,4.603410863164646
8,8,3.335312252952939
9,9,1.1832536209461302
10,10,1.1909096457741477
11,11,3.2708297066066576
12,12,3.3726263427734375
13,13,4.468113663172958
14,14,6.192601634837963
15,15,4.8593038504464285
16,16,4.0936792767237105
17,17,5.271570687342172
18,18,3.7634542886312907
