,time,atp
0,0,4.209246422182469
1,1,4.618514476102941
2,2,2.928913179403878
3,3,5.066532529633621
4,4,3.1527138038917824
5,5,3.1968863603007587
6,6,2.9960164037244073
7,7,4.603410863164646
8,8,3.335312252952939
9,9,1.1832536209461302
10,10,1.6040822809392756
11,11,2.809163325974921
12,12,3.535540719317575
13,13,4.129300504117398
14,14,5.55951162484976
15,15,5.842055610988451
16,16,4.136015181107955
17,17,4.778959212764617
18,18,3.5881419293757335
