,time,atp
0,0,8.23486328125
1,1,5.81697927427686
2,2,3.466749262512967
3,3,2.0405552590540212
4,4,1.5802051175025202
5,5,1.6305552637854288
6,7,2.1167893027239306
7,8,1.4442493457512315
8,11,0.9777666691057276
9,13,1.7578633085210273
10,14,2.414591273829389
11,15,1.6602783203125
12,16,1.7476563826851224
13,17,2.0883016531808036
14,18,1.4418605529155928
15,19,0.9211126833545918
16,20,1.3540771298292207
17,21,1.3417743104876894
