,time,atp
0,0,8.23486328125
1,1,5.224519899378272
2,2,4.953957005550987
3,3,1.9099152631672682
4,4,1.0020072014777215
5,5,1.1329614548456102
6,7,2.356719824686005
7,8,1.376078909661572
8,11,1.3370997417403991
9,13,1.3469194224182988
10,14,1.6778587928185096
11,15,1.487926573265256
12,16,1.515832421613887
13,17,1.3529555291150805
14,18,1.2996462558178192
15,19,0.7429543692820988
16,20,0.33883742969560426
17,21,0.5191874686486083
