,time,atp
0,0,8.23486328125
1,1,5.81697927427686
2,2,3.466749262512967
3,3,1.5921117298638643
4,4,1.0902541169023092
5,5,1.2644464926599166
6,7,1.8109066186361755
7,8,1.661126235435749
8,11,1.3218067714146204
9,13,2.086412464488636
10,14,3.299992265372441
11,15,2.242085444462764
12,16,2.0058205468314037
13,17,1.1629319909500748
14,18,2.2725269257710243
15,19,1.9069690369723136
16,20,1.7072429456208882
17,21,1.8204705810546875
