,time,atp
0,0,8.17309688254831
1,1,7.417500157510081
2,2,4.335941074130772
3,3,1.5134053132971939
4,4,0.7415159225463868
5,5,1.3590472726260914
6,7,1.7302828188295718
7,8,1.5008957176877742
8,11,0.7301570783342634
9,13,1.9799457418507542
10,14,3.1523028287020596
11,15,1.619607904905914
12,16,1.4139340595134253
13,17,1.3549661378602724
14,18,1.496229746985057
15,19,0.2260715982188349
16,20,0.5605422676383675
17,21,1.1999673379434121
