,time,atp
0,0,8.23486328125
1,1,5.81697927427686
2,2,3.883297929139895
3,3,1.999990320415749
4,4,1.6485526675269717
5,5,2.402220850405486
6,7,2.516414345854922
7,8,0.8989281388311428
8,11,0.8025491567758414
9,13,1.7582813793460266
10,14,1.9802992625903058
11,15,1.8539446512858073
12,16,1.5536482527449325
13,17,1.1181231907435827
14,18,2.068434538664641
15,19,1.5238350256165463
16,20,1.5555906698737345
17,21,2.0200022687815657
