,time,atp
0,0,8.23486328125
1,1,5.81697927427686
2,2,3.466749262512967
3,3,2.0405552590540212
4,4,1.5802051175025202
5,5,1.8400292257660802
6,7,1.7311063544694767
7,8,1.180550023129112
8,11,1.0617000127242784
9,13,1.289983471019848
10,14,1.559034942298807
11,15,1.1921598200212444
12,16,1.2233690115121694
13,17,0.9915951734397843
14,18,1.9805468978168808
15,19,1.8212620557936947
16,20,1.7110251330454416
17,21,2.0727845749052443
