,time,atp
0,0,8.23486328125
1,1,5.224519899378272
2,2,4.392061360677084
3,3,2.1333680618640987
4,4,1.6587859307335557
5,5,2.1443801417495267
6,7,1.5956377489813443
7,8,1.3027093135949337
8,11,1.614546848630994
9,13,2.321445786472642
10,14,2.784606720184113
11,15,2.462287019428454
12,16,2.2776179939373584
13,17,2.350771337523496
14,18,2.870789043719952
15,19,2.387146705804869
16,20,2.696291242327009
17,21,2.990642547607422
