,time,atp
0,0,8.17309688254831
1,1,7.417500157510081
2,2,4.335941074130772
3,3,1.5134053132971939
4,4,0.7415159225463868
5,5,1.3590472726260914
6,7,1.7302828188295718
7,8,1.1078219413757324
8,11,1.1170953603891225
9,13,1.8094987712922643
10,14,2.6051949395073786
11,15,2.1811455946702223
12,16,2.0804301574166897
13,17,1.6601736238687346
14,18,2.109858194986979
15,19,1.9573883185406777
16,20,1.9336973542620421
17,21,2.267845264379529
