,time,atp
0,0,8.23486328125
1,1,5.81697927427686
2,2,3.466749262512967
3,3,1.5921117298638643
4,4,1.0902541169023092
5,5,1.2644464926599166
6,7,1.6545564350328947
7,8,0.9831405801975981
8,11,0.5270432316979696
9,13,1.5809774126325336
10,14,2.2493652684728525
11,15,1.4712617492675781
12,16,1.3893529256184896
13,17,1.6212090664222591
14,18,2.1075099064753604
15,19,1.7021215638118004
16,20,1.6618082682291666
17,21,1.8308192842728863
