,time,atp
0,0,8.23486328125
1,1,5.224519899378272
2,2,4.953957005550987
3,3,1.9099152631672682
4,4,1.0020072014777215
5,5,1.1329614548456102
6,7,2.6665946386193715
7,8,1.2224895477294921
8,11,1.0269043900584447
9,13,2.282325513435133
10,14,2.6886667771772905
11,15,2.8605987193972564
12,16,2.5150356605404713
13,17,2.3248956203460693
14,18,1.7288474431113592
15,19,1.9946855487245503
16,20,1.997864329486812
17,21,2.116273407243256
