,time,atp
0,0,8.23486328125
1,1,5.81697927427686
2,2,3.466749262512967
3,3,1.5921117298638643
4,4,1.0902541169023092
5,5,1.2644464926599166
6,7,1.8109066186361755
7,8,1.6040825121330493
8,11,0.6416329447428385
9,13,1.694222266520929
10,14,2.3991260528564453
11,15,1.8771444599280196
12,16,1.4722400822051585
13,17,0.8967156164424935
14,18,2.2918495178222655
15,19,1.1585038503011067
16,20,2.030708412071327
17,21,2.1863189979835793
