,time,atp
0,0,8.23486328125
1,1,5.224519899378272
2,2,4.392061360677084
3,3,2.1333680618640987
4,4,1.6587859307335557
5,5,2.3177070347129876
6,7,1.8481099089683846
7,8,0.3949926467168899
8,11,0.691957062365962
9,13,1.4876331916222205
10,14,1.6040823417797423
11,15,1.6040825781884132
12,16,1.6040824196555399
13,17,1.6040824441348804
14,18,1.8713816833496093
15,19,2.0900813709605823
16,20,1.6040824196555399
17,21,3.5840781882957176
