,time,atp
0,0,8.23486328125
1,1,5.81697927427686
2,2,3.466749262512967
3,3,2.0405552590540212
4,4,1.5802051175025202
5,5,1.8400292257660802
6,7,1.7311063544694767
7,8,1.4208193969726564
8,11,0.9347720336914063
9,13,2.1266213930570164
10,14,1.9801885583898524
11,15,1.3376313300981915
12,16,1.438744511164672
13,17,1.8484765077248597
14,18,1.5839951613853718
15,19,2.1892718628748953
16,20,1.8953200446234808
17,21,2.160405840192522
