,time,atp
0,0,8.17309688254831
1,1,7.417500157510081
2,2,4.7998298315510795
3,3,2.231323057232481
4,4,1.5847109500492844
5,5,1.8413471568714488
6,7,2.4027769239686374
7,8,1.676055908203125
8,11,1.6524377045808014
9,13,2.379247751841012
10,14,2.6958822790597905
11,15,2.5802985130272473
12,16,2.3892983900228506
13,17,2.465518774575745
14,18,2.537289047241211
15,19,2.183343344176842
16,20,2.1118240356445312
17,21,2.5173360273927825
