,time,atp
0,0,8.23486328125
1,1,5.81697927427686
2,2,3.466749262512967
3,3,1.5921117298638643
4,4,1.0902541169023092
5,5,1.2644464926599166
6,7,1.6545564350328947
7,8,0.9831405801975981
8,11,0.38279238614169037
9,13,1.0110173945804295
10,14,1.5672888982863653
11,15,1.2688533238002233
12,16,1.396917724609375
13,17,1.2867843895627742
14,18,1.4986002379359462
15,19,1.2188831007624248
16,20,1.1765786665904372
17,21,1.259390595952107
