,time,atp
0,0,8.17309688254831
1,1,7.417500157510081
2,2,4.335941074130772
3,3,1.5134053132971939
4,4,1.220100937375597
5,5,1.5393272068189539
6,7,2.2445231413583033
7,8,1.8944958168388213
8,11,1.020229038439299
9,13,2.1527290501221708
10,14,1.845897434990187
11,15,1.7470265858208955
12,16,1.7816490760216346
13,17,2.0726212935014203
14,18,2.5052829699569874
15,19,2.2344774518694197
16,20,2.5047028583029043
17,21,2.7788911042390048
