,time,atp
0,0,8.23486328125
1,1,5.81697927427686
2,2,3.466749262512967
3,3,2.0405552590540212
4,4,1.5802051175025202
5,5,1.8400292257660802
6,7,1.7311063544694767
7,8,1.180550023129112
8,11,1.5381960140045032
9,13,1.9340372580557958
10,14,1.851991508841945
11,15,1.7404337132230718
12,16,1.74424375806536
13,17,1.7117637012137876
14,18,2.1884864600929053
15,19,2.072903067032921
16,20,2.0849237738715276
17,21,2.103119143257244
