,time,atp
0,0,8.23486328125
1,1,5.81697927427686
2,2,3.466749262512967
3,3,1.5921117298638643
4,4,1.0902541169023092
5,5,1.2644464926599166
6,7,1.6545564350328947
7,8,0.9831405801975981
8,11,0.38279238614169037
9,13,1.8932503148129112
10,14,1.8368233917765535
11,15,0.8007207018263797
12,16,0.26971297137505185
13,17,0.27949916955196497
14,18,1.0931905110677083
15,19,0.6610050331167623
16,20,0.4852648185961174
17,21,0.9188423833903476
