,time,atp
0,0,8.17309688254831
1,1,7.417500157510081
2,2,4.335941074130772
3,3,1.5134053132971939
4,4,0.7415159225463868
5,5,1.3590472726260914
6,7,1.7302828188295718
7,8,1.1078219413757324
8,11,0.46157064819335936
9,13,1.2514838619508606
10,14,1.7424102247807018
11,15,1.0736266165068655
12,16,1.1840645599365234
13,17,1.1590332271545891
14,18,0.9534948012408089
15,19,0.9877798227163461
16,20,1.1236738547300682
17,21,1.6506805419921875
