,time,atp
0,0,8.17309688254831
1,1,9.073608696897923
2,2,5.761107921600342
3,3,2.200952903511598
4,4,1.7315270146237145
5,5,2.199720429211128
6,7,2.6611466644503547
7,8,2.114727958703574
8,11,1.8249035318389193
9,13,2.413330078125
10,14,2.924857883278383
11,15,2.7397216796875
12,16,2.832223929610907
13,17,2.7181939624604725
14,18,2.8606643676757812
15,19,2.3104693533360274
16,20,2.1143260707516642
17,21,2.3763217502170138
