,time,atp
0,0,8.17309688254831
1,1,7.417500157510081
2,2,4.335941074130772
3,3,1.5134053132971939
4,4,1.220100937375597
5,5,1.5393272068189539
6,7,2.2445231413583033
7,8,1.4841742185082767
8,11,0.7132962149862917
9,13,1.2088552808004713
10,14,1.9343775431315104
11,15,1.2481651306152344
12,16,0.8084462125536421
13,17,0.511782078384664
14,18,0.5436095432262515
15,19,0.1764819405295632
16,20,0.30433666344844934
17,21,0.6983205724645544
