,time,atp
0,0,8.17309688254831
1,1,7.417500157510081
2,2,4.335941074130772
3,3,1.5134053132971939
4,4,1.220100937375597
5,5,1.5393272068189539
6,7,2.2445231413583033
7,8,1.4841742185082767
8,11,0.7132962149862917
9,13,1.2088552808004713
10,14,1.9343775431315104
11,15,1.2481651306152344
12,16,0.9495875503077652
13,17,1.0477090497906698
14,18,0.9823495965254935
15,19,0.9182185389060342
16,20,0.9468910749568495
17,21,1.5997426239125458
