,time,atp
0,0,8.17309688254831
1,1,7.417500157510081
2,2,4.7998298315510795
3,3,2.231323057232481
4,4,1.5847109500492844
5,5,1.8413471568714488
6,7,2.4027769239686374
7,8,1.676055908203125
8,11,1.1410016315739329
9,13,1.869897966554179
10,14,2.3456275576636907
11,15,2.019973683245305
12,16,2.2787691313644935
13,17,2.281919385566086
14,18,2.551280857361469
15,19,1.745900088793611
16,20,2.3583336347415123
17,21,3.167364937918527
