,time,atp
0,0,8.23486328125
1,1,5.81697927427686
2,2,3.466749262512967
3,3,2.0405552590540212
4,4,1.5802051175025202
5,5,1.8400292257660802
6,7,1.7311063544694767
7,8,1.4208193969726564
8,11,1.3286061162533966
9,13,2.4039718037810776
10,14,2.4503548013505023
11,15,2.188127162092823
12,16,1.973985625476372
13,17,1.8773287259615385
14,18,2.2791150868367804
15,19,1.6378281691978718
16,20,1.9660118504574424
17,21,2.1153139140271495
