,time,atp
0,0,8.17309688254831
1,1,7.417500157510081
2,2,4.335941074130772
3,3,1.5134053132971939
4,4,0.7415159225463868
5,5,1.3590472726260914
6,7,1.7302828188295718
7,8,1.1078219413757324
8,11,0.46157064819335936
9,13,1.2514838619508606
10,14,1.7424102247807018
11,15,1.5907320005703816
12,16,1.8539746928418803
13,17,2.0543014307341507
14,18,1.6511452414772727
15,19,1.6024002864443023
16,20,1.717694796048678
17,21,2.0466524691195103
