,time,atp
0,0,8.23486328125
1,1,5.224519899378272
2,2,4.953957005550987
3,3,1.9099152631672682
4,4,1.1680355915981055
5,5,1.6500735754852816
6,7,2.441199612904744
7,8,2.0946094512939455
8,11,1.6146240234375
9,13,1.6164963755441542
10,14,2.2086883304625986
11,15,1.7386844032689144
12,16,1.6622191660502958
13,17,1.8968466366038603
14,18,2.4491405668712796
15,19,2.0141698903050917
16,20,1.8760498676103414
17,21,2.3331845212711517
