,time,atp
0,0,8.17309688254831
1,1,7.417500157510081
2,2,4.335941074130772
3,3,1.5134053132971939
4,4,0.7415159225463868
5,5,1.3590472726260914
6,7,1.7302828188295718
7,8,1.5008957176877742
8,11,0.7301570783342634
9,13,1.9799457418507542
10,14,2.4458017985026044
11,15,1.6079598142389666
12,16,1.5424695518927845
13,17,0.9190819069191262
14,18,1.6705399649483816
15,19,1.4819425818038314
16,20,1.2845445581384607
17,21,1.6378684303977273
