,time,atp
0,0,8.23486328125
1,1,5.224519899378272
2,2,4.392061360677084
3,3,2.1333680618640987
4,4,1.6587859307335557
5,5,2.3177070347129876
6,7,1.8481099089683846
7,8,0.3949926467168899
8,11,1.4502591603362616
9,13,1.876953858595628
10,14,2.2280459755345396
11,15,2.1944316228230796
12,16,1.9825346871708216
13,17,2.1481431473133177
14,18,1.9896448955634716
15,19,2.1353743618758267
16,20,2.297577154440958
17,21,2.5031819343566895
