,time,atp
0,0,8.23486328125
1,1,5.81697927427686
2,2,3.466749262512967
3,3,1.5921117298638643
4,4,1.0902541169023092
5,5,1.2644464926599166
6,7,1.8109066186361755
7,8,1.6040825121330493
8,11,1.450266276320366
9,13,1.677302273837003
10,14,1.6988719593394885
11,15,1.5487329234247622
12,16,1.5843800511853448
13,17,1.0324749286358172
14,18,1.7925118224261558
15,19,1.5180746225210338
16,20,1.028657262465533
17,21,1.1999806624192457
