,time,atp
0,0,8.17309688254831
1,1,7.417500157510081
2,2,4.335941074130772
3,3,1.5134053132971939
4,4,1.220100937375597
5,5,1.5393272068189539
6,7,2.2445231413583033
7,8,1.8944958168388213
8,11,1.020229038439299
9,13,2.1527290501221708
10,14,1.845897434990187
11,15,1.5907156339255712
12,16,1.6291945983316296
13,17,1.584713682836416
14,18,1.8937871832596629
15,19,1.5028538654759986
16,20,1.5491810674252717
17,21,1.7288473220098586
