,time,atp
0,0,8.23486328125
1,1,5.81697927427686
2,2,3.883297929139895
3,3,1.999990320415749
4,4,1.6485526675269717
5,5,2.402220850405486
6,7,2.516414345854922
7,8,0.8989281388311428
8,11,1.2429754986026422
9,13,2.1375247563157127
10,14,3.0829654434352247
11,15,2.8785725911458333
12,16,2.390227994890011
13,17,1.9751956337376644
14,18,2.371823528620202
15,19,2.2174061235175073
16,20,2.290153682511737
17,21,2.729364363873591
