,time,atp
0,0,8.23486328125
1,1,5.81697927427686
2,2,3.883297929139895
3,3,1.999990320415749
4,4,1.6485526675269717
5,5,2.402220850405486
6,7,2.516414345854922
7,8,0.8989281388311428
8,11,0.8025491567758414
9,13,1.9937642415364583
10,14,2.6906354451916883
11,15,2.469300654896519
12,16,2.350095960828993
13,17,2.2593793726679103
14,18,2.369217722039474
15,19,2.0351961771647136
16,20,2.094431203562063
17,21,1.8102182552514487
