,time,atp
0,0,8.23486328125
1,1,5.81697927427686
2,2,3.466749262512967
3,3,2.0405552590540212
4,4,1.5802051175025202
5,5,1.8400292257660802
6,7,1.7311063544694767
7,8,1.180550023129112
8,11,1.0617000127242784
9,13,1.289983471019848
10,14,1.6442533220563615
11,15,0.8920924520900106
12,16,1.2633467964504077
13,17,0.8060519748263889
14,18,2.126714628036708
15,19,1.866130256652832
16,20,1.7773054473254146
17,21,1.873727938024009
