,time,atp
0,0,8.17309688254831
1,1,7.417500157510081
2,2,4.335941074130772
3,3,1.5134053132971939
4,4,0.7415159225463868
5,5,1.3590472726260914
6,7,1.7302828188295718
7,8,1.5008957176877742
8,11,0.7301570783342634
9,13,1.0015764934260671
10,14,1.648495256408187
11,15,0.877232551574707
12,16,0.6319112296056266
13,17,0.7423852337293388
14,18,0.9891841252644856
15,19,0.5419900866522305
16,20,0.5551868438720703
17,21,0.8391908157703488
