,time,atp
0,0,8.23486328125
1,1,5.224519899378272
2,2,4.953957005550987
3,3,1.9099152631672682
4,4,1.0020072014777215
5,5,1.1329614548456102
6,7,2.356719824686005
7,8,1.376078909661572
8,11,0.6864195512366419
9,13,1.5177798800998263
10,14,1.6483080582918177
11,15,0.9006262959887803
12,16,0.8588665232938879
13,17,0.7706754188837968
14,18,0.8437548906375201
15,19,0.9190336586772532
16,20,0.5840622110569731
17,21,0.6406689846154415
