,time,atp
0,0,8.23486328125
1,1,5.81697927427686
2,2,3.883297929139895
3,3,1.999990320415749
4,4,1.4134852632563164
5,5,1.845428466796875
6,7,2.7302941494300716
7,8,1.889602269881811
8,11,1.458095079057672
9,13,2.2590988159179686
10,14,3.143518575032552
11,15,2.0407077564912686
12,16,2.1932608931536834
13,17,1.9562092012572057
14,18,2.12015691533819
15,19,1.9474295298258464
16,20,2.213437744140625
17,21,2.4508997136896307
