,time,atp
0,0,8.23486328125
1,1,5.81697927427686
2,2,3.883297929139895
3,3,1.999990320415749
4,4,1.6485526675269717
5,5,2.402220850405486
6,7,2.516414345854922
7,8,0.8989281388311428
8,11,0.8025491567758414
9,13,1.7582813793460266
10,14,2.323506396749745
11,15,2.0207611853335083
12,16,1.9584481375558036
13,17,1.8671336364746094
14,18,1.9265219278381642
15,19,1.9054896428034855
16,20,1.8492747497558595
17,21,1.965988289596688
