,time,atp
0,0,8.23486328125
1,1,5.81697927427686
2,2,3.466749262512967
3,3,1.5921117298638643
4,4,1.0902541169023092
5,5,1.2644464926599166
6,7,1.8109066186361755
7,8,1.6040825121330493
8,11,1.450266276320366
9,13,1.677302273837003
10,14,1.645891879467254
11,15,1.200772966657366
12,16,0.700363995951991
13,17,0.4257698277064732
14,18,0.5005487234481258
15,19,0.03307386280335102
16,20,0.1658130257816638
17,21,0.9430544068213222
