,time,atp
0,0,8.17309688254831
1,1,7.417500157510081
2,2,4.7998298315510795
3,3,2.231323057232481
4,4,1.5847109500492844
5,5,1.8413471568714488
6,7,2.4027769239686374
7,8,1.676055908203125
8,11,1.1410016315739329
9,13,1.869897966554179
10,14,2.3456275576636907
11,15,2.019973683245305
12,16,1.7008454695991848
13,17,1.4097702156784189
14,18,1.6614538656698692
15,19,1.3239861726760864
16,20,1.7000751201923077
17,21,1.535473800287014
