,time,atp
0,0,8.23486328125
1,1,5.81697927427686
2,2,3.466749262512967
3,3,2.0405552590540212
4,4,1.5802051175025202
5,5,1.8400292257660802
6,7,1.7311063544694767
7,8,1.4208193969726564
8,11,1.3286061162533966
9,13,1.7678845954663827
10,14,2.8254457430075144
11,15,2.2851265483998997
12,16,1.995852248733108
13,17,1.6007814045193829
14,18,2.0773831631274935
15,19,1.9839076803188131
16,20,1.7687806628999256
17,21,2.2584394129311165
