,time,atp
0,0,8.23486328125
1,1,5.224519899378272
2,2,4.953957005550987
3,3,1.9099152631672682
4,4,1.0020072014777215
5,5,1.1329614548456102
6,7,2.356719824686005
7,8,1.376078909661572
8,11,0.6864195512366419
9,13,1.117158013421136
10,14,1.1999711778428819
11,15,0.5938425326566084
12,16,0.4486176095357755
13,17,0.5373273195920291
14,18,1.0187195338559953
15,19,0.4191493055555556
16,20,0.5368254705770126
17,21,0.263576462689568
