,time,atp
0,0,8.17309688254831
1,1,7.417500157510081
2,2,4.7998298315510795
3,3,2.231323057232481
4,4,1.5847109500492844
5,5,1.8413471568714488
6,7,2.4027769239686374
7,8,1.676055908203125
8,11,1.6524377045808014
9,13,2.379247751841012
10,14,2.5661763106242264
11,15,2.182709300189937
12,16,2.391393763418416
13,17,1.977023131095323
14,18,2.5858545843160377
15,19,1.9779840969146891
16,20,2.24405517578125
17,21,2.504675096081149
