,time,atp
0,0,8.23486328125
1,1,5.224519899378272
2,2,4.953957005550987
3,3,1.9099152631672682
4,4,1.0020072014777215
5,5,1.1329614548456102
6,7,2.356719824686005
7,8,1.376078909661572
8,11,0.6864195512366419
9,13,1.5177798800998263
10,14,1.6483080582918177
11,15,0.9006262959887803
12,16,0.3615912331475152
13,17,0.3895187741234189
14,18,0.5766713040546306
15,19,0.5949334125129544
16,20,0.9946393824335354
17,21,1.080248278240825
