,time,atp
0,0,6.354823986925074
1,2,4.235715829642715
2,3,3.819303278337445
3,4,4.653701961741728
4,5,2.9523878649855213
5,6,3.510698129009727
6,7,3.1754654285519623
7,8,2.3077100224855567
8,9,2.8965304585911285
9,10,4.427206105199353
10,11,3.026980817810563
11,12,4.030274953901397
12,13,10.556715414557658
13,14,3.465624281939338
14,15,3.700161356321523
15,16,3.1334369860197366
16,17,3.2257342529296875
