,time,atp
0,0,6.354823986925074
1,2,4.235715829642715
2,3,3.819303278337445
3,4,3.6047238269484185
4,5,3.991664341517857
5,6,2.7787329491148602
6,7,2.567045963171757
7,8,3.279408237390351
8,9,2.95264539531633
9,10,5.719722304233285
10,11,4.1112849537919205
11,12,3.0333750259473127
12,13,5.28211197391633
13,14,3.6386120413232037
14,15,3.874280963027686
15,16,3.8832504030257935
16,17,4.058747632575757
