,time,atp
0,0,6.354823986925074
1,2,3.288579136274437
2,3,3.2941303001101323
3,4,4.249187469482422
4,5,4.456563313802083
5,6,3.860081599308894
6,7,2.7062566420611214
7,8,2.9096722940760333
8,9,2.910506902956495
9,10,4.388821072048611
10,11,2.9081708419421486
11,12,2.7673467591751453
12,13,7.224138718875334
13,14,2.691982114218115
14,15,3.1823333492123984
15,16,3.8279396199291535
16,17,3.600451123583448
