,time,atp
0,0,5.424764770971958
1,2,3.2784855350567277
2,3,3.571760050455729
3,4,3.4906744541266024
4,5,3.2496839735243057
5,6,2.6949596136388645
6,7,2.2771930167688192
7,8,2.4227119341288526
8,9,2.931535436751995
9,10,3.5921036691376655
10,11,2.863512729076629
11,12,2.9074940400965072
12,13,5.512198008661684
13,14,3.727546218345905
14,15,4.793415779903017
15,16,3.747251416816086
16,17,4.453200319980053
