,time,atp
0,0,6.354823986925074
1,2,4.46045120363313
2,3,2.5983712910026906
3,4,3.262873504121425
4,5,3.9190205418786337
5,6,3.7066983736478365
6,7,3.6151715014354293
7,8,3.6624350351830053
8,9,3.0527484600360575
9,10,4.910600876966059
10,11,3.7795428651751894
11,12,3.5800885652240955
12,13,5.637525733741554
13,14,3.9819471571180554
14,15,3.12152099609375
15,16,2.9727942542692203
16,17,3.434711206739194
