,time,atp
0,0,6.354823986925074
1,2,3.9141389653923806
2,3,3.286217041015625
3,4,2.540319427242124
4,5,4.566610639523237
5,6,2.854548863002232
6,7,3.2411503612546992
7,8,3.5691310934824485
8,9,3.5691308130191852
9,10,5.940339649822695
10,11,3.9963464658122416
11,12,4.180730646306818
12,13,5.505304900693222
13,14,4.413377996076617
14,15,3.754601263230847
15,16,4.890193130030776
16,17,3.9374471524866617
