,time,atp
0,0,5.424764770971958
1,2,3.530058935345936
2,3,3.3000367047035533
3,4,2.5356773093894676
4,5,2.9326796660552152
5,6,3.4533002299647175
6,7,3.4371110347279332
7,8,3.365805233226103
8,9,3.0117051866319446
9,10,4.222039473684211
10,11,2.753088748816288
11,12,2.71168683204816
12,13,5.433374798487103
13,14,3.6482949328066696
14,15,3.2579101144450986
15,16,2.671450440988601
16,17,3.5951000395275297
