,time,atp
0,0,6.354823986925074
1,2,3.288579136274437
2,3,3.2941303001101323
3,4,7.4298398270566235
4,5,3.428093167299724
5,6,3.1154011205299614
6,7,3.0003399026804956
7,8,3.344865949763808
8,9,3.657693895242982
9,10,5.711811938316994
10,11,3.1035374550923813
11,12,3.0778206000893804
12,13,5.521532751012732
13,14,0.3075833255297517
14,15,3.57877632036601
15,16,2.9857109917534723
16,17,3.0829348943929755
