,time,atp
0,0,6.354823986925074
1,2,3.9141389653923806
2,3,3.286217041015625
3,4,2.540319427242124
4,5,4.566610639523237
5,6,2.854548863002232
6,7,3.735769243382696
7,8,3.0413818359375
8,9,3.1252118691630746
9,10,4.911797841389974
10,11,3.4940488261561238
11,12,4.342103167278011
12,13,6.7420178581686585
13,14,3.7883786121046685
14,15,4.732515266142696
15,16,3.946193641340229
16,17,4.562036258658183
