,time,atp
0,0,6.354823986925074
1,2,4.235715829642715
2,3,3.819303278337445
3,4,3.6047238269484185
4,5,3.991664341517857
5,6,2.7787329491148602
6,7,2.567045963171757
7,8,3.279408237390351
8,9,3.0085920446059284
9,10,5.158728257665095
10,11,4.460776508718297
11,12,4.335322337784791
12,13,7.255664532001202
13,14,4.30142043706939
14,15,3.319413757324219
15,16,3.129804880605579
16,17,3.49050518644958
