,time,atp
0,0,6.354823986925074
1,2,3.9141389653923806
2,3,3.286217041015625
3,4,2.540319427242124
4,5,4.566610639523237
5,6,2.854548863002232
6,7,3.735769243382696
7,8,3.0413818359375
8,9,3.4550124834168634
9,10,5.989116075303819
10,11,3.340451327237216
11,12,3.7716427364864864
12,13,5.475445162865423
13,14,3.731176478262166
14,15,3.6122347999165076
15,16,3.3866482373350157
16,17,3.724361387621455
