,time,atp
0,0,6.354823986925074
1,2,3.9141389653923806
2,3,4.134103709253772
3,4,4.865727315422233
4,5,4.320153604006634
5,6,3.111255830931432
6,7,3.1537547537950967
7,8,4.135378715319511
8,9,4.103774341184701
9,10,5.121669422496449
10,11,3.4456239730592757
11,12,3.81642829047309
12,13,12.56907091642681
13,14,3.183823762116609
14,15,4.697994232177734
15,16,5.1536198933919275
16,17,5.069684770372179
