,time,atp
0,0,6.354823986925074
1,2,4.235715829642715
2,3,3.819303278337445
3,4,4.653701961741728
4,5,2.9523878649855213
5,6,3.510698129009727
6,7,3.1754654285519623
7,8,3.910975801771966
8,9,3.354762129350142
9,10,5.0746085030691965
10,11,4.405640375046503
11,12,3.9039321748336944
12,13,5.814655908469946
13,14,4.114244910759655
14,15,3.8362600435086383
15,16,4.15836515358026
16,17,3.4335618361928106
