,time,atp
0,0,6.354823986925074
1,2,4.235715829642715
2,3,3.819303278337445
3,4,3.6047238269484185
4,5,3.991664341517857
5,6,2.7787329491148602
6,7,2.567045963171757
7,8,3.279408237390351
8,9,3.0085920446059284
9,10,5.158728257665095
10,11,4.014456073889572
11,12,4.343052219700169
12,13,5.885013002337831
13,14,4.044074911378028
14,15,3.4219102229315803
15,16,3.1138848511304724
16,17,3.4190358563888172
