,time,atp
0,0,6.354823986925074
1,2,4.235715829642715
2,3,3.819303278337445
3,4,4.653701961741728
4,5,2.9523878649855213
5,6,3.3559468587239585
6,7,2.8247122535093583
7,8,4.671156472306911
8,9,3.844679022554177
9,10,6.129391725035919
10,11,3.393022896039604
11,12,3.822250186695772
12,13,7.3013696005178055
13,14,4.012214279174804
14,15,4.26451301574707
15,16,3.5442111407439723
16,17,3.284411090353261
