,time,atp
0,0,6.354823986925074
1,2,3.288579136274437
2,3,3.2941303001101323
3,4,7.4298398270566235
4,5,3.428093167299724
5,6,3.1154011205299614
6,7,3.0003399026804956
7,8,3.344865949763808
8,9,3.0936095039799527
9,10,4.489045453494822
10,11,3.3585902622767856
11,12,3.3526338849748885
12,13,6.84595947265625
13,14,3.568256306198408
14,15,3.570935807138119
15,16,3.887266355140187
16,17,3.524429221558415
