,time,atp
0,0,6.354823986925074
1,2,3.9141389653923806
2,3,3.286217041015625
3,4,2.540319427242124
4,5,4.566610639523237
5,6,2.854548863002232
6,7,3.2411503612546992
7,8,3.5691310934824485
8,9,3.5691308130191852
9,10,5.940339649822695
10,11,3.9963464658122416
11,12,4.180730646306818
12,13,7.078031099759615
13,14,3.774507550495427
14,15,3.261825635956555
15,16,3.167774889437638
16,17,3.352886225553167
