,time,atp
0,0,6.354823986925074
1,2,3.9141389653923806
2,3,4.134103709253772
3,4,2.530792516305906
4,5,4.995119125124008
5,6,3.438201904296875
6,7,3.5349369258671017
7,8,3.3078141645951704
8,9,3.4139400979746943
9,10,6.951584150206368
10,11,2.9432554898196703
11,12,3.6102867555082514
12,13,7.591960818268532
13,14,3.2027976026812803
14,15,3.921189984071602
15,16,4.516753347296464
16,17,4.554084600404251
