,time,atp
0,0,5.424764770971958
1,2,3.4322759454900567
2,3,3.611250813802083
3,4,2.3441885183523365
4,5,3.2381854942458834
5,6,2.4642120821392117
6,7,2.251631673177083
7,8,2.4720231598498774
8,9,3.1523026899857953
9,10,3.7324238679846937
10,11,3.577976159882127
11,12,2.8057824149349617
12,13,4.889556059966216
13,14,2.901488692672164
14,15,2.724033685378086
15,16,3.1403916302849266
16,17,2.707290736607143
