,time,atp
0,0,6.354823986925074
1,2,3.9141389653923806
2,3,3.286217041015625
3,4,2.540319427242124
4,5,4.566610639523237
5,6,2.854548863002232
6,7,3.735769243382696
7,8,3.0413818359375
8,9,3.1252118691630746
9,10,4.911797841389974
10,11,4.481235388553504
11,12,4.332296779013087
12,13,5.687871596392463
13,14,4.622928456363515
14,15,4.223561083149706
15,16,3.9191355324961656
16,17,3.6601148332868303
