,time,atp
0,0,5.424764770971958
1,2,3.530058935345936
2,3,3.3000367047035533
3,4,2.5356773093894676
4,5,3.509356831395349
5,6,2.9114448002406528
6,7,3.570172079248366
7,8,3.5398308249080883
8,9,3.634508514404297
9,10,5.752874655801742
10,11,3.268617891418147
11,12,3.81582272707761
12,13,4.289608697821624
13,14,2.461378204156153
14,15,3.63380646609877
15,16,3.6277668248468906
16,17,4.09493688634924
