,time,atp
0,0,5.424764770971958
1,2,3.530058935345936
2,3,3.9976694886113555
3,4,3.8222749917814047
4,5,2.991422176361084
5,6,2.5054823804659896
6,7,2.519257730512477
7,8,2.917699091852048
8,9,2.2877028211415245
9,10,3.6529806385869565
10,11,2.3596233021129263
11,12,1.6288226253197287
12,13,5.673732346754807
13,14,3.1434992009943183
14,15,3.726844581397804
15,16,4.4378903296685985
16,17,3.6540125920222355
