,time,atp
0,0,6.354823986925074
1,2,3.288579136274437
2,3,3.2941303001101323
3,4,4.249187469482422
4,5,4.456563313802083
5,6,3.6965491492469034
6,7,3.4399918989701703
7,8,2.7593550810942777
8,9,2.6452263893165027
9,10,3.699850964902052
10,11,2.9219582080841064
11,12,3.1135659254234254
12,13,5.328536323879076
13,14,3.5818820910507374
14,15,3.1816448343211206
15,16,3.588688834768827
16,17,3.9588568183813204
