,time,atp
0,0,6.354823986925074
1,2,3.288579136274437
2,3,3.2941303001101323
3,4,7.4298398270566235
4,5,3.428093167299724
5,6,2.4030035267705503
6,7,3.0274864402977197
7,8,2.579491843639965
8,9,2.835262854122421
9,10,5.3520652770996096
10,11,2.699320727993983
11,12,3.0652923583984375
12,13,5.4859760612841475
13,14,0.0
14,15,2.842719078063965
15,16,3.120190922517954
16,17,3.2065848305587368
