,time,atp
0,0,6.354823986925074
1,2,4.46045120363313
2,3,2.5983712910026906
3,4,3.262873504121425
4,5,3.9190205418786337
5,6,3.9120158174612225
6,7,3.397103781228537
7,8,2.8538630928580218
8,9,3.2643075422807173
9,10,4.754911534926471
10,11,2.3991408348083496
11,12,2.4562142565359477
12,13,7.335231300636574
13,14,3.046254136827257
14,15,2.808906894259983
15,16,3.0367718533986174
16,17,3.4586895407236296
