,time,atp
0,0,6.354823986925074
1,2,3.9141389653923806
2,3,4.134103709253772
3,4,2.530792516305906
4,5,4.995119125124008
5,6,3.438201904296875
6,7,3.5349369258671017
7,8,3.40697021484375
8,9,3.4884318033854167
9,10,4.031242989205025
10,11,3.7290006725993377
11,12,3.7329127971942606
12,13,5.673550197056362
13,14,4.421898328993056
14,15,4.7753700086805555
15,16,4.177406649284175
16,17,4.291486214900362
