,time,atp
0,0,6.354823986925074
1,2,4.235715829642715
2,3,3.819303278337445
3,4,4.653701961741728
4,5,2.9523878649855213
5,6,3.510698129009727
6,7,3.1754654285519623
7,8,2.3077100224855567
8,9,2.8965304585911285
9,10,4.104129095147126
10,11,3.163313234007204
11,12,2.4748431396484376
12,13,8.083584730792197
13,14,4.692117418561663
14,15,4.469486781529018
15,16,4.2559227920160065
16,17,3.9235527314335465
